id,nombre_producto,categoria,imagen_url,precio_usd,descripcion,caracteristicas
1784067244033_0,AMOEBA AEG M4 AM-014 CARBINE AIRSOFT RIFLE BLACK,Airsoft,https://www.arsenalsports.com/img/8345/produtos/400/9a84e8094d204d5841d57a8f7f90c6e6.png,249,La descripción de este producto se actualizará próximamente.,Las características se actualizarán próximamente.
1784067246137_1,AMOEBA AEG M4 MUTANT AMM13 AIRSOFT RIFLE BLACK,Airsoft,https://www.arsenalsports.com/img/17958/produtos/400/c3a7d58e79abfe10321a5612717ea0ff.jpg,219,La descripción de este producto se actualizará próximamente.,Las características se actualizarán próximamente.
1784067249130_2,AMOEBA AEG M4 MUTANT AMM7 AIRSOFT RIFLE BLACK,Airsoft,https://www.arsenalsports.com/img/17954/produtos/400/206132d9cfac8c83930eb760f11ed3f7.jpg,219,La descripción de este producto se actualizará próximamente.,Las características se actualizarán próximamente.
1784067250909_3,"SEEKINS PRECISION EMG G&G AEG TGR SBR8 12"" RAIL AIRSOFT RIFLE GREY",Airsoft,https://www.arsenalsports.com/img/23378/produtos/400/cb32bf2a97c2bf4f492db1d314d95696.jpg,390,La descripción de este producto se actualizará próximamente.,Las características se actualizarán próximamente.
1784067252766_4,TARAN TACTICAL EMG STI ARMORER WORKS GBB HI-CAPA 2011 DVC 3-GUN BLOWBACK AIRSOFT PISTOL BLACK,Airsoft,https://www.arsenalsports.com/img/15482/produtos/400/3d9c4944e9a09cf18583b262aabaeae5.png,176,La descripción de este producto se actualizará próximamente.,Las características se actualizarán próximamente.
1784067255571_5,TARAN TACTICAL JAG PRECISION ARMY ARMAMENT GBB HI-CAPA JW4 TTI ALPHA COMBAT MASTER BLOWBACK AIRSOFT PISTOL DUAL TONE,Airsoft,https://www.arsenalsports.com/img/25444/produtos/400/6558418d47a3f74fe657b56c14dae2d7.png,169,La descripción de este producto se actualizará próximamente.,Las características se actualizarán próximamente.
1784067257372_6,TARAN TACTICAL JAG PRECISION ARMY ARMAMENT GBB HI-CAPA JW4 TTI PIT VIPER CNC BLOWBACK AIRSOFT PISTOL BLACK,Airsoft,https://www.arsenalsports.com/img/25445/produtos/400/9f9c6cdf3256650b0e6444ea61c98585.png,156,La descripción de este producto se actualizará próximamente.,Las características se actualizarán próximamente.
1784067259139_7,TARAN TACTICAL JAG PRECISION ARMY ARMAMENT GBB HI-CAPA JW4 TTI PIT VIPER STANDARD BLOWBACK AIRSOFT PISTOL BLACK,Airsoft,https://www.arsenalsports.com/img/25446/produtos/400/05283d78a7f936cf227747109b697bdc.png,129,La descripción de este producto se actualizará próximamente.,Las características se actualizarán próximamente.
1784067260840_8,TARAN TACTICAL JAG PRECISION ARMY ARMAMENT GBB HI-CAPA JW4 TTI SAND VIPER CNC BLOWBACK AIRSOFT PISTOL BRONZE,Airsoft,https://www.arsenalsports.com/img/25448/produtos/400/d04d645fb3b40e7316b6375c51a99306.png,166,La descripción de este producto se actualizará próximamente.,Las características se actualizarán próximamente.
1784067262614_9,A&K AEG MASADA LONG ACR ADAPTIVE COMBAT AIRSOFT RIFLE BLACK,Airsoft,https://www.arsenalsports.com/img/27410/produtos/400/f99569bdcfbc6834f91fe50e90e3d5bc.jpg,269,La descripción de este producto se actualizará próximamente.,Las características se actualizarán próximamente.
1784067265396_10,A&K AEG MASADA LONG CARBINE ADAPTIVE COMBAT AIRSOFT RIFLE BLACK,Airsoft,https://www.arsenalsports.com/img/27407/produtos/400/ed37b8d4a8b26c553c45f33f7d8ec9bb.jpg,269,La descripción de este producto se actualizará próximamente.,Las características se actualizarán próximamente.
1784067267729_11,A&K AEG MASADA LONG DMR ADAPTIVE COMBAT AIRSOFT RIFLE BLACK,Airsoft,https://www.arsenalsports.com/img/27419/produtos/400/1d20d354482e576f714fc071de99785f.jpg,269,La descripción de este producto se actualizará próximamente.,Las características se actualizarán próximamente.
1784067269838_12,A&K AEG MASADA SHORT CQB ADAPTIVE COMBAT AIRSOFT RIFLE BLACK,Airsoft,https://www.arsenalsports.com/img/27420/produtos/400/595f7276ef3290f721dd95f6d51b96d9.jpg,269,La descripción de este producto se actualizará próximamente.,Las características se actualizarán próximamente.
1784067271838_13,A&K AEG SR25K DMR FULL METAL AIRSOFT RIFLE BLACK,Airsoft,https://www.arsenalsports.com/img/27391/produtos/400/ce5542d628f5c545da619326b3927662.jpg,275,La descripción de este producto se actualizará próximamente.,Las características se actualizarán próximamente.
1784067273732_14,A&K GBBR M1873 WINCHESTER LEVER ACTION MEDIUM TYPE WITH M-LOCK RAIL  AIRSOFT RIFLE WOOD & GOLD,Airsoft,https://www.arsenalsports.com/img/30538/produtos/400/c4e670fe3b18997ae2648a020566c11b.jpg,233,La descripción de este producto se actualizará próximamente.,Las características se actualizarán próximamente.
1784067277462_15,A&K GBBR M1873 WINCHESTER LEVER ACTION MEDIUM TYPE WITH M-LOCK RAIL AIRSOFT RIFLE WOOD & BLACK,Airsoft,https://www.arsenalsports.com/img/30537/produtos/400/8675d51efa3cad319896f8ee41303673.jpg,233,La descripción de este producto se actualizará próximamente.,Las características se actualizarán próximamente.
1784067280583_16,A&K GBBR M1873 WINCHESTER LEVER ACTION MEDIUM TYPE WITH M-LOCK RAIL AIRSOFT RIFLE WOOD & SILVER,Airsoft,https://www.arsenalsports.com/img/30539/produtos/400/dc29b3626e7ebc343a5cb4e4ed4276a0.jpg,233,La descripción de este producto se actualizará próximamente.,Las características se actualizarán próximamente.
1784067283728_17,A&K GBBR M1873 WINCHESTER LEVER ACTION SHORT TYPE AIRSOFT RIFLE WOOD & BLACK,Airsoft,https://www.arsenalsports.com/img/30532/produtos/400/6471bd56d9993e43463e4528e73311e9.jpg,175,La descripción de este producto se actualizará próximamente.,Las características se actualizarán próximamente.
1784067286184_18,A&K GBBR M1873 WINCHESTER LEVER ACTION SHORT TYPE AIRSOFT RIFLE WOOD & GOLD,Airsoft,https://www.arsenalsports.com/img/30535/produtos/400/cda8adcb4086ac5d7c2f5923073cdb73.jpg,185,La descripción de este producto se actualizará próximamente.,Las características se actualizarán próximamente.
1784067292278_19,A&K GBBR M1873 WINCHESTER LEVER ACTION SHORT TYPE AIRSOFT RIFLE WOOD & SILVER,Airsoft,https://www.arsenalsports.com/img/30536/produtos/400/fd2839810c31c79d767889d9c40985c7.jpg,185,La descripción de este producto se actualizará próximamente.,Las características se actualizarán próximamente.
1784067294155_20,A&K GBBR M1873 WINCHESTER LEVER ACTION SHORT TYPE WITH M-LOCK RAIL AIRSOFT RIFLE WOOD & BLACK,Airsoft,https://www.arsenalsports.com/img/30540/produtos/400/535507c186543952096e9f3c5ee2fce6.jpg,213,La descripción de este producto se actualizará próximamente.,Las características se actualizarán próximamente.
1784067296096_21,A&K GBBR M1873 WINCHESTER LEVER ACTION SHORT TYPE WITH M-LOCK RAIL AIRSOFT RIFLE WOOD & GOLD,Airsoft,https://www.arsenalsports.com/img/30541/produtos/400/e0012693ae468e94560bbaf5e3e4b1df.jpg,213,La descripción de este producto se actualizará próximamente.,Las características se actualizarán próximamente.
1784067297935_22,A&K GBBR M1873 WINCHESTER LEVER ACTION SHORT TYPE WITH M-LOCK RAIL AIRSOFT RIFLE WOOD & SILVER,Airsoft,https://www.arsenalsports.com/img/30542/produtos/400/d793503d2d6a705cab6e3bc703ccf84a.jpg,213,La descripción de este producto se actualizará próximamente.,Las características se actualizarán próximamente.
1784067299711_25,A&K SP SYSTEM AEG MK18 MOD0 PTW STW AIRSOFT RIFLE BLACK COMBO,Airsoft,https://www.arsenalsports.com/img/32207/produtos/400/dc2154e8a4a750a2d05a3f7dcb58e948.jpg,725,La descripción de este producto se actualizará próximamente.,Las características se actualizarán próximamente.
1784067301463_26,A&K SPRING SVD DRAGUNOV WITH METAL GEARBOX AND REAL WOOD SNIPER AIRSOFT RIFLE,Airsoft,https://www.arsenalsports.com/img/27536/produtos/400/a90de6742b02f8ccaefab37fbe010e93.jpg,245,La descripción de este producto se actualizará próximamente.,Las características se actualizarán próximamente.
1784067303265_27,A&K SPRING SVD DRAGUNOV WITH METAL GEARBOX AND WOOD SNIPER AIRSOFT RIFLE,Airsoft,https://www.arsenalsports.com/img/27550/produtos/400/8c2407e116ee93f110fbdd216a877e45.jpg,195,La descripción de este producto se actualizará próximamente.,Las características se actualizarán próximamente.
1784067305002_28,ACTION ARMY GBB AAP01 ASSASSIN BLOWBACK PISTOL BLACK,Airsoft,https://www.arsenalsports.com/img/17703/produtos/400/d991ea9f4a3d13efaaecfae6ab1613a7.jpg,116,La descripción de este producto se actualizará próximamente.,Las características se actualizarán próximamente.
1784067309161_29,ACTION ARMY GBB AAP01 ASSASSIN BLOWBACK PISTOL FLAT DARK EARTH,Airsoft,https://www.arsenalsports.com/img/17704/produtos/400/f62f04c9989c59a52d454457bf5d2acb.jpg,116,La descripción de este producto se actualizará próximamente.,Las características se actualizarán próximamente.
1784067311722_30,ACTION ARMY GBB AAP01C SHINOBI COMPACT BLOWBACK AIRSOFT PISTOL BLACK,Airsoft,https://www.arsenalsports.com/img/24655/produtos/400/7c64255a47b1a151b8e176561ff3bd7c.jpg,116,La descripción de este producto se actualizará próximamente.,Las características se actualizarán próximamente.
1784067313936_31,ACTION ARMY SPRING SNIPER BOLT ACTION ACC-T10 AIRSOFT RIFLE BLACK,Airsoft,https://www.arsenalsports.com/img/15231/produtos/400/668f44f8649485a582c33adfe909d0d2.jpg,299,La descripción de este producto se actualizará próximamente.,Las características se actualizarán próximamente.
1784067315980_32,ACTION ARMY SPRING SNIPER BOLT ACTION ACC-T10 AIRSOFT RIFLE FLAT DARK EARTH COMBO,Airsoft,https://www.arsenalsports.com/img/14690/produtos/400/39d85317c63f2c2a58673fe60bf2a92c.jpg,299,La descripción de este producto se actualizará próximamente.,Las características se actualizarán próximamente.
1784067317870_33,AGM AEG MP44 REAL WOOD WWII AIRSOFT RIFLE BLACK,Airsoft,https://www.arsenalsports.com/img/34836/produtos/400/b4c14e16e947ecc87cfaef233e8889aa.jpg,320,La descripción de este producto se actualizará próximamente.,Las características se actualizarán próximamente.
1784067319561_34,AGM SPRING SNIPER L96 AIRSOFT RIFLE BLACK,Airsoft,https://www.arsenalsports.com/img/26630/produtos/400/ad7994d04b2c297dd9ffd06e0be45f7e.png,120,La descripción de este producto se actualizará próximamente.,Las características se actualizarán próximamente.
1784067321360_35,AGM SPRING SNIPER L96 AIRSOFT RIFLE OD GREEN,Airsoft,https://www.arsenalsports.com/img/26631/produtos/400/7cae957b8dd62fc1b4d62bd06554fe4f.png,120,La descripción de este producto se actualizará próximamente.,Las características se actualizarán próximamente.
1784067326122_0,KROWN LAND SRC CO2 4.5MM KL-92 AIRGUN PISTOL BLACK,Airgun,https://www.arsenalsports.com/img/17075/produtos/400/62eaa8b7e73ae897e1bf061ac81dff3a.jpg,99,La descripción de este producto se actualizará próximamente.,Las características se actualizarán próximamente.
1784067327943_1,LEGENDS UMAREX CO2 4.5MM TT-33 AIRGUN PISTOL BLACK,Airgun,https://www.arsenalsports.com/img/23947/produtos/400/d995c7e791648bfdb0a6041de54dfbbd.jpg,135,La descripción de este producto se actualizará próximamente.,Las características se actualizarán próximamente.
1784067329641_2,AIRMAKS ARMS 5.5MM KATRAN NX HP 700MM PCP RIFLE BLACK & OD GREEN,Airgun,https://www.arsenalsports.com/img/33433/produtos/400/f62ca6d7bd3cca0bb8423ea6e8d40d9d.png,2035,La descripción de este producto se actualizará próximamente.,Las características se actualizarán próximamente.
1784067331582_3,AIRMAKS ARMS 5.5MM KRAIT L SYNTHETIC 580CC & 520MM PCP RIFLE BLACK & ORANGE,Airgun,https://www.arsenalsports.com/img/32169/produtos/400/4671951dfc2d31b3199f1fd057d51b37.jpg,2200,La descripción de este producto se actualizará próximamente.,Las características se actualizarán próximamente.
1784067333443_4,AIRMAKS ARMS 5.5MM KRAIT L SYNTHETIC 580CC & 520MM PCP RIFLE BLACK & RED,Airgun,https://www.arsenalsports.com/img/32168/produtos/400/213b81a1930ab24dfb862d82b96235d4.jpg,2200,La descripción de este producto se actualizará próximamente.,Las características se actualizarán próximamente.
1784067335290_5,AIRMAKS ARMS 5.5MM KRAIT LITE L 580CC & 520MM PCP RIFLE WOOD,Airgun,https://www.arsenalsports.com/img/32170/produtos/400/07e90e03465922ba0eacc4aed88bdddc.png,2035,La descripción de este producto se actualizará próximamente.,Las características se actualizarán próximamente.
1784067337095_6,AIRMAKS ARMS 5.5MM KRAIT WL LAMINATE 580CC & 520MM PCP RIFLE BLACK & ORANGE,Airgun,https://www.arsenalsports.com/img/28352/produtos/400/1339d454782524fd0933c5705f83b297.jpg,2360,La descripción de este producto se actualizará próximamente.,Las características se actualizarán próximamente.
1784067338878_7,AIRMAKS ARMS 5.5MM KRAIT WL LAMINATE 580CC & 520MM PCP RIFLE BLACK & RED,Airgun,https://www.arsenalsports.com/img/28351/produtos/400/50ec39c7fe6ff5b0f477ccf7136aef88.jpg,2360,La descripción de este producto se actualizará próximamente.,Las características se actualizarán próximamente.
1784067340585_8,AIRMAKS ARMS 5.5MM KRAIT X SYNTHETIC .70L & 700MM PCP RIFLE BLACK & ORANGE,Airgun,https://www.arsenalsports.com/img/32174/produtos/400/cbf0c0222110044176396152a4ca6a84.png,2270,La descripción de este producto se actualizará próximamente.,Las características se actualizarán próximamente.
1784067342418_9,AIRMAKS ARMS 5.5MM KRAIT X SYNTHETIC .70L & 700MM PCP RIFLE BLACK & RED,Airgun,https://www.arsenalsports.com/img/32175/produtos/400/8bac439ed82131e2fac4ff65d36abf87.png,2270,La descripción de este producto se actualizará próximamente.,Las características se actualizarán próximamente.
1784067344185_10,ARMADILLO PCP COMPRESSOR 1200W 5800PSI 2 PISTON WITH AUTO STOP 110V / 220V BLACK,Airgun,https://www.arsenalsports.com/img/34962/produtos/400/2c4328fb8bb2abdf43c3e4f816ad78cb.jpg,1200,La descripción de este producto se actualizará próximamente.,Las características se actualizarán próximamente.
1784067345896_11,ARMADILLO PCP COMPRESSOR 1200W 7200PSI 110V / 220V,Airgun,https://www.arsenalsports.com/img/34961/produtos/400/9a05e269ee667d193b1e21be53a6fb5b.jpg,1380,La descripción de este producto se actualizará próximamente.,Las características se actualizarán próximamente.
1784067347619_12,ARMADILLO PCP COMPRESSOR 1600W 4500PSI 220V WITH AUTO STOP BLACK,Airgun,https://www.arsenalsports.com/img/31249/produtos/400/2feb600f980e6bb18aa2c7f2488ea0e8.jpg,300,La descripción de este producto se actualizará próximamente.,Las características se actualizarán próximamente.
1784067349410_13,ARMADILLO PCP COMPRESSOR 1600W 4500PSI 220V WITH AUTO STOP WOODLAND,Airgun,https://www.arsenalsports.com/img/31250/produtos/400/d0c624027d1e9f69d1da9abec8915b3a.jpg,300,La descripción de este producto se actualizará próximamente.,Las características se actualizarán próximamente.
1784067351344_15,ARMADILLO PCP COMPRESSOR 1800W 4500PSI 220V WITH AUTO STOP BLUE,Airgun,https://www.arsenalsports.com/img/34140/produtos/400/9c2a7f3473f6501940f51beff0618b77.jpg,285,La descripción de este producto se actualizará próximamente.,Las características se actualizarán próximamente.
1784067353167_16,ARMADILLO PCP COMPRESSOR 1800W 4500PSI BLACK,Airgun,https://www.arsenalsports.com/img/34950/produtos/400/3297fa264d5eaad12b693f542c3ccbe6.jpeg,270,La descripción de este producto se actualizará próximamente.,Las características se actualizarán próximamente.
1784067354884_17,ARMADILLO PCP COMPRESSOR 1800W 4500PSI BOX WITH AUTO STOP AND PURGE VALVE BLACK,Airgun,https://www.arsenalsports.com/img/31372/produtos/400/65fbe71e2d52475d0f7021570ce1b8bd.jpg,820,La descripción de este producto se actualizará próximamente.,Las características se actualizarán próximamente.
1784067356623_18,ARMADILLO PCP COMPRESSOR 180W 4350PSI 12V - 15V DC MINI GREEN 110V,Airgun,https://www.arsenalsports.com/img/34957/produtos/400/9176b355d6ae775b184d8be2a8268584.jpg,170,La descripción de este producto se actualizará próximamente.,Las características se actualizarán próximamente.
1784067358309_19,ARMADILLO PCP COMPRESSOR 180W 4350PSI 12V - 15V DC MINI GREEN 220V,Airgun,https://www.arsenalsports.com/img/34958/produtos/400/caf04028c7005992e697bbb54c5cd467.jpg,170,La descripción de este producto se actualizará próximamente.,Las características se actualizarán próximamente.
1784067360000_20,ARMADILLO PCP COMPRESSOR 2200W 4500PSI 04 STAGES WITH AUTO STOP BLUE,Airgun,https://www.arsenalsports.com/img/31376/produtos/400/ed3c5522fe5ea7d0775615d84968121c.jpg,1290,La descripción de este producto se actualizará próximamente.,Las características se actualizarán próximamente.
1784067361689_21,ARMADILLO PCP COMPRESSOR 250W 18V 4350PSI BATTERY 18V GREEN,Airgun,https://www.arsenalsports.com/img/33440/produtos/400/77e9912d3fb8dab971c860de07949f18.jpg,250,La descripción de este producto se actualizará próximamente.,Las características se actualizarán próximamente.
1784067364068_22,ARMADILLO PCP COMPRESSOR 250W 18V 4500PSI WITH AUTO STOP HORIZONTAL GREEN,Airgun,https://www.arsenalsports.com/img/33439/produtos/400/f8817003de3a5682c878f917dee881c6.jpg,440,La descripción de este producto se actualizará próximamente.,Las características se actualizarán próximamente.
1784067365778_23,ARMADILLO PCP COMPRESSOR 250W 4500PSI 12V BLACK,Airgun,https://www.arsenalsports.com/img/34956/produtos/400/a3fbd49cbd901a699b1f33a58cbc5798.jpg,200,La descripción de este producto se actualizará próximamente.,Las características se actualizarán próximamente.
1784067367561_24,ARMADILLO PCP COMPRESSOR 250W 4500PSI WITH AUTO-STOP & 12V GREEN,Airgun,https://www.arsenalsports.com/img/33446/produtos/400/04ff2d8b9ee9e9ca05a33eedde21d6ba.jpg,250,La descripción de este producto se actualizará próximamente.,Las características se actualizarán próximamente.
1784067369684_25,ARMADILLO PCP COMPRESSOR 250W 4500PSI WITH DIGITAL PANEL NIGHT PUMP SILVER,Airgun,https://www.arsenalsports.com/img/34960/produtos/400/4d2d6f5031d782d2d9ecca770042c56c.jpg,188,La descripción de este producto se actualizará próximamente.,Las características se actualizarán próximamente.
1784067371398_26,ARMADILLO PCP COMPRESSOR 325W 4640PSI DIGITAL WITH AUTO-STOP 110V / 220V GREEN,Airgun,https://www.arsenalsports.com/img/34959/produtos/400/e4937ac469af369a6f65002fcb47c5b1.jpg,345,La descripción de este producto se actualizará próximamente.,Las características se actualizarán próximamente.
1784067373108_27,ARMADILLO PCP COMPRESSOR 350W 4500PSI 2V/12V HORIZONTAL WHITE,Airgun,https://www.arsenalsports.com/img/31373/produtos/400/0f9c1487a8601f971fa64657c4b80f10.jpeg,200,La descripción de este producto se actualizará próximamente.,Las características se actualizarán próximamente.
1784067374807_28,ARMADILLO PCP COMPRESSOR 350W 4500PSI WITH AUTO STOP & 12V HORIZONTAL ORANGE,Airgun,https://www.arsenalsports.com/img/25403/produtos/400/a91a3b83d10719902679df9602d0ef9d.jpg,300,La descripción de este producto se actualizará próximamente.,Las características se actualizarán próximamente.
1784067376509_29,ARMADILLO PCP COMPRESSOR 350W 4500PSI WITH AUTO STOP & 12V VERTICAL BLACK,Airgun,https://www.arsenalsports.com/img/34141/produtos/400/2ce4d7a8b34f6de6e88e259aee39c474.jpg,320,La descripción de este producto se actualizará próximamente.,Las características se actualizarán próximamente.
1784067378204_30,ARMADILLO PCP COMPRESSOR 350W 4500PSI WITH AUTO STOP HORIZONTAL BLACK,Airgun,https://www.arsenalsports.com/img/32935/produtos/400/4ef658ca288613668fdab57ad2343321.jpg,220,La descripción de este producto se actualizará próximamente.,Las características se actualizarán próximamente.
1784067379905_31,ARMADILLO PCP COMPRESSOR 350W 4500PSI WITH HORIZONTAL ORANGE,Airgun,https://www.arsenalsports.com/img/32936/produtos/400/56f0fd4dbc5d13c60da6848e8aa7b4ae.jpg,250,La descripción de este producto se actualizará próximamente.,Las características se actualizarán próximamente.
1784067381613_32,ARMADILLO PCP COMPRESSOR 350W 5800PSI WITH AUTO STOP 12V BLACK,Airgun,https://www.arsenalsports.com/img/34955/produtos/400/8048385a56b0f8c62c4227bf5e603994.jpg,485,La descripción de este producto se actualizará próximamente.,Las características se actualizarán próximamente.
1784067383327_33,ARMADILLO PCP COMPRESSOR 4500PSI 500CC AC OR 01 BATTERIES 18V WHITE,Airgun,https://www.arsenalsports.com/img/31375/produtos/400/1b02a57c8b5d95ba2528185d9c8b9567.png,365,La descripción de este producto se actualizará próximamente.,Las características se actualizarán próximamente.
1784067385027_34,ARMADILLO PCP COMPRESSOR VERTICAL 250W 4500PSI 12V AUTO STOP GREEN,Airgun,https://www.arsenalsports.com/img/34875/produtos/400/94c88888ed58ad675f2d85058b7321e3.jpg,350,La descripción de este producto se actualizará próximamente.,Las características se actualizarán próximamente.
1784067386744_35,ARMADILLO PCP COMPRESSOR VERTICAL 350W 4500PSI 12V AUTO STOP ORANGE,Airgun,https://www.arsenalsports.com/img/25404/produtos/400/2750bba6f078a074876c10f230bba783.jpg,325,La descripción de este producto se actualizará próximamente.,Las características se actualizarán próximamente.
1784067391385_0,APS CO2 TT50 .50 PAINTBALL HOME DEFENSE PISTOL BLACK,Paintball,https://www.arsenalsports.com/img/32457/produtos/400/c253bf6c77ac235f1fecc8472d055259.jpg,140,La descripción de este producto se actualizará próximamente.,Las características se actualizarán próximamente.
1784067393187_1,ARMADILLO PCP COMPRESSOR 2200W 4500PSI 04 STAGES WITH AUTO STOP BLUE,Paintball,https://www.arsenalsports.com/img/31376/produtos/400/ed3c5522fe5ea7d0775615d84968121c.jpg,1290,La descripción de este producto se actualizará próximamente.,Las características se actualizarán próximamente.
1784067395322_2,EMPIRE MARCADOR BT4 CAL 0.68 COMBAT BLACK COMBO,Paintball,https://www.arsenalsports.com/img/29498/produtos/400/8b4d89ee4e8d9ddbb9268b78ce499661.jpg,230,La descripción de este producto se actualizará próximamente.,Las características se actualizarán próximamente.
1784067397024_3,RAM CO2 MARCADOR MOD47 PAINTBALL RIFLE BLACK & WOOD,Paintball,https://www.arsenalsports.com/img/3998/produtos/400/a7be3295805f1fa40ae73ee9911586d6.jpg,175,La descripción de este producto se actualizará próximamente.,Las características se actualizarán próximamente.
1784067398925_4,RAM CO2 MARCADOR MOD56 PAINTBALL RIFLE BLACK & WOOD,Paintball,https://www.arsenalsports.com/img/6867/produtos/400/1ce82ff6521bb90e4c4a0d3b64de4d9f.jpg,175,La descripción de este producto se actualizará próximamente.,Las características se actualizarán próximamente.
1784067400670_5,RAM CO2 MARCADOR MOD74 PAINTBALL RIFLE BLACK,Paintball,https://www.arsenalsports.com/img/6832/produtos/400/df0a186e54b264bb1124c0acc15add43.jpg,175,La descripción de este producto se actualizará próximamente.,Las características se actualizarán próximamente.
1784067402395_6,RAM CO2 MARCADOR MP5 RAM11 PAINTBALL RIFLE BLACK,Paintball,https://www.arsenalsports.com/img/4314/produtos/400/759160604610999ea707422441b49728.jpg,175,La descripción de este producto se actualizará próximamente.,Las características se actualizarán próximamente.
1784067404321_7,RAM CO2 MARCADOR MP5 RAM112S PAINTBALL RIFLE BLACK,Paintball,https://www.arsenalsports.com/img/6028/produtos/400/11d4bed3157f3f98f27f34d653613599.jpg,175,La descripción de este producto se actualizará próximamente.,Las características se actualizarán próximamente.
1784067406143_8,RAM CO2 MARCADOR MP5 RAM113S PAINTBALL RIFLE BLACK,Paintball,https://www.arsenalsports.com/img/14995/produtos/400/bea7b8e8c29cd37c9688ceee240e9bd5.jpg,175,La descripción de este producto se actualizará próximamente.,Las características se actualizarán próximamente.
1784067407907_9,RAM CO2 MARCADOR RAM 9R CAL 0.43 PAINTBALL RIFLE BLACK,Paintball,https://www.arsenalsports.com/img/708/produtos/400/43a69d43ad01e48b676d22b2578f5f6e.jpg,175,La descripción de este producto se actualizará próximamente.,Las características se actualizarán próximamente.
1784067409698_10,TIPPMANN MARCADOR TiPX 0.68 PISTOL PAINTBALL BLACK,Paintball,https://www.arsenalsports.com/img/3055/produtos/400/a9cebe4d6f02e2ef981f2f1eb618dda0.jpg,199,La descripción de este producto se actualizará próximamente.,Las características se actualizarán próximamente.
1784067411658_11,TIPPMANN MARCADOR TiPX 0.68 PISTOL PAINTBALL DESERT,Paintball,https://www.arsenalsports.com/img/6607/produtos/400/8dd328b498e2133150243bb60fc39d71.jpg,199,La descripción de este producto se actualizará próximamente.,Las características se actualizarán próximamente.
1784067413542_12,TIPPMANN MARCADOR X7 PHENOM ELETRONIC CAL .68 PAINTBALL RIFLE BLACK,Paintball,https://www.arsenalsports.com/img/6006/produtos/400/9d527c061a2e0b349632ebf850dd8769.jpg,295,La descripción de este producto se actualizará próximamente.,Las características se actualizarán próximamente.
1784067415706_13,ARMADILLO PEPPER BALL PIMENTA CAL 0.68,Paintball,https://www.arsenalsports.com/img/9154/produtos/400/5e8a4a21d19f0ae8be8c78f2b24c46da.jpg,10,La descripción de este producto se actualizará próximamente.,Las características se actualizarán próximamente.
1784067417425_14,DOMINATOR HPA BURST DISK 3K,Paintball,https://www.arsenalsports.com/img/15507/produtos/400/f72c5d1b6bafd04dbb781a1c3921817c.jpg,3,La descripción de este producto se actualizará próximamente.,Las características se actualizarán próximamente.
1784067419253_15,DOMINATOR HPA QD CHARGING HOSE,Paintball,https://www.arsenalsports.com/img/15504/produtos/400/2f61f84858c2faf02db6d4f475662528.jpg,28,La descripción de este producto se actualizará próximamente.,Las características se actualizarán próximamente.
1784067421390_16,DOMINATOR HPA TANK 48CL/3000 (749CC) ALUMINUM,Paintball,https://www.arsenalsports.com/img/15897/produtos/400/155568f7e810ec5827607242151a3dd0.jpg,58,La descripción de este producto se actualizará próximamente.,Las características se actualizarán próximamente.
1784067423621_18,DYE LENS THERMAL HORIZON 290° FOR I4 & I5 HD,Paintball,https://www.arsenalsports.com/img/25419/produtos/400/a9431f9a91a80a031a4aa811a85a1c6d.jpg,44.95,La descripción de este producto se actualizará próximamente.,Las características se actualizarán próximamente.
1784067425802_19,DYE LOADER ROTOR RED LIQUID,Paintball,https://www.arsenalsports.com/img/3258/produtos/400/f0d079aff622f9a6e568647454b554dd.jpg,50,La descripción de este producto se actualizará próximamente.,Las características se actualizarán próximamente.
1784067427748_20,DYE MASK PROTO GOGGLE SWITCH FS OLIVE THERMAL,Paintball,https://www.arsenalsports.com/img/21194/produtos/400/b18fb389a60ad840a96c3cca353091b9.jpg,79.95,La descripción de este producto se actualizará próximamente.,Las características se actualizarán próximamente.
1784067429587_21,EMPIRE BARREL ADAPTER BT BT4 19391,Paintball,https://www.arsenalsports.com/img/10865/produtos/400/cf48c3acb709fb82b9bb9a38ea22af77.jpg,2,La descripción de este producto se actualizará próximamente.,Las características se actualizarán próximamente.
1784067431508_22,EMPIRE BOLT METAL 19389 FOR BT BT4,Paintball,https://www.arsenalsports.com/img/10867/produtos/400/d8f93b2157b92cafab92b2a47266d2f6.jpg,7,La descripción de este producto se actualizará próximamente.,Las características se actualizarán próximamente.
1784067433408_23,EMPIRE BOLT POLYMER 19409 FOR BT BT4,Paintball,https://www.arsenalsports.com/img/10874/produtos/400/43c7cfac82e57deca5de6189ce5c7654.jpg,3,La descripción de este producto se actualizará próximamente.,Las características se actualizarán próximamente.
1784067435286_24,EMPIRE BT BT4 23 TRIGGER GUARD 19399,Paintball,https://www.arsenalsports.com/img/10850/produtos/400/ccdc1774b3c75c76e7d9e2172c1d869a.jpg,3,La descripción de este producto se actualizará próximamente.,Las características se actualizarán próximamente.
1784067437149_25,EMPIRE BT BT4 3 UPPER RECEIVER LADO ESQUERDO,Paintball,https://www.arsenalsports.com/img/10848/produtos/400/d86df5fc4745e25ec504a1db6b7b0442.jpg,11,La descripción de este producto se actualizará próximamente.,Las características se actualizarán próximamente.
1784067438904_26,EMPIRE BT BT4 61 LONG TANK BOLT,Paintball,https://www.arsenalsports.com/img/10861/produtos/400/c9d21187b4e8c9d00876afc27b6e7b12.jpg,2,La descripción de este producto se actualizará próximamente.,Las características se actualizarán próximamente.
1784067440647_27,EMPIRE BT BT4 BOLT HANDLE COVER,Paintball,https://www.arsenalsports.com/img/3105/produtos/400/c4ac4799d51c9649f01f5a953e701085.jpg,1,La descripción de este producto se actualizará próximamente.,Las características se actualizarán próximamente.
1784067442358_28,EMPIRE ESTACAO DE RECARGA CO2 EXTREME RAGE VALVULA DUPLA,Paintball,https://www.arsenalsports.com/img/6134/produtos/400/614875603c4371f1d641484d4449d3c3.jpg,60,La descripción de este producto se actualizará próximamente.,Las características se actualizarán próximamente.
1784067444103_29,EMPIRE GAS LINE 19435 FOR BT4,Paintball,https://www.arsenalsports.com/img/4549/produtos/400/4dfedb77f64320e5a264ab401491fc2c.png,10,La descripción de este producto se actualizará próximamente.,Las características se actualizarán próximamente.
1784067445934_30,EMPIRE GRIP RUBBER BT4 52 - 45  OD GREEN,Paintball,https://www.arsenalsports.com/img/10857/produtos/400/db4a97288cfd3b25aba63c5573132601.jpg,3,La descripción de este producto se actualizará próximamente.,Las características se actualizarán próximamente.
1784067447653_31,EMPIRE LOADER 200R BLACK 38605,Paintball,https://www.arsenalsports.com/img/14562/produtos/400/7dcb85715272f26bff78d15cc476f029.jpg,5,La descripción de este producto se actualizará próximamente.,Las características se actualizarán próximamente.
1784067449407_32,EMPIRE O-RING 19452 FOR BT4,Paintball,https://www.arsenalsports.com/img/4048/produtos/400/bb9a1cf0aed9e35cdbf045ab2fcd11c2.jpg,1.5,La descripción de este producto se actualizará próximamente.,Las características se actualizarán próximamente.
1784067451154_33,EMPIRE TRIGGER ON/OFF FOR BT BT4,Paintball,https://www.arsenalsports.com/img/10922/produtos/400/5e16151a6faefdc5d386e52cef210f10.jpg,1.5,La descripción de este producto se actualizará próximamente.,Las características se actualizarán próximamente.
1784067452857_34,EMPIRE UPPER RECEIVER RIGHT SIDE FOR BT4,Paintball,https://www.arsenalsports.com/img/10852/produtos/400/b743bac88816c4b1a5b1f1ac061a995f.jpg,12,La descripción de este producto se actualizará próximamente.,Las características se actualizarán próximamente.
1784067454584_35,GLOCK T4E UMAREX KIT REPAIR SERVICE FOR .43 PAINTBALL G17 GEN5,Paintball,https://www.arsenalsports.com/img/33107/produtos/400/96013b7b7275e39f8672de9a5f8bcb86.png,28,La descripción de este producto se actualizará próximamente.,Las características se actualizarán próximamente.
1784067459337_0,ACEBEAM FLASHLIGHT LED 2200L / 1083M,Óptica e Iluminación,https://www.arsenalsports.com/img/31479/produtos/400/70701f31b8977b3a7f67c2ff217a72be.png,125,La descripción de este producto se actualizará próximamente.,Las características se actualizarán próximamente.
1784067461056_1,ACTION ARMY BOTTOM RAIL FOR T10,Óptica e Iluminación,https://www.arsenalsports.com/img/15239/produtos/400/5c38cada9ec3b32e1f2d8e8c892c312b.jpg,11,La descripción de este producto se actualizará próximamente.,Las características se actualizarán próximamente.
1784067462755_3,ACTION ARMY RAIL LONG TYPE SCOPE FOR VSR-10 / KJ WORKS M700,Óptica e Iluminación,https://www.arsenalsports.com/img/12602/produtos/400/b3e64e089b16a8457a95dab2fc18edf5.jpg,45,La descripción de este producto se actualizará próximamente.,Las características se actualizarán próximamente.
1784067464478_4,AIM ACOG SIGHT 4X32 RAIL 20MM BLACK,Óptica e Iluminación,https://www.arsenalsports.com/img/19923/produtos/400/5215bae356b52b14bbe9dc36cea10949.jpg,69,La descripción de este producto se actualizará próximamente.,Las características se actualizarán próximamente.
1784067466272_5,AIM ACOG SIGHT 4X32 RAIL 20MM FLAT DARK EARTH,Óptica e Iluminación,https://www.arsenalsports.com/img/19924/produtos/400/7f485fb352ed138f14153de1ffd80c27.jpg,69,La descripción de este producto se actualizará próximamente.,Las características se actualizarán próximamente.
1784067468188_6,AIM ACOG SIGHT 4X32 RED AND GREEN RETICLE BLACK,Óptica e Iluminación,https://www.arsenalsports.com/img/19925/produtos/400/77e16e07f5d823f2dfcc44cff5158609.jpg,68,La descripción de este producto se actualizará próximamente.,Las características se actualizarán próximamente.
1784067470023_7,AIM ACOG SIGHT 4X32 RED AND GREEN RETICLE WITH QD MOUNT BLACK,Óptica e Iluminación,https://www.arsenalsports.com/img/19927/produtos/400/ed0056ef16b9bd132a5d2beaad61f9d7.jpg,72,La descripción de este producto se actualizará próximamente.,Las características se actualizarán próximamente.
1784067471954_8,AIM ACOG SIGHT 4X32 RED AND GREEN RETICLE WITH QD MOUNT FLAT DARK EARTH,Óptica e Iluminación,https://www.arsenalsports.com/img/19928/produtos/400/ee5cf9cda53ecd7949375057ed33322b.jpg,72,La descripción de este producto se actualizará próximamente.,Las características se actualizarán próximamente.
1784067473774_9,AIM ACOG SIGHT 4X32 WITH QD MOUNT BLACK,Óptica e Iluminación,https://www.arsenalsports.com/img/15556/produtos/400/ba17e6ef8ef51d9057fbfad57249bf3d.jpg,70,La descripción de este producto se actualizará próximamente.,Las características se actualizarán próximamente.
1784067475471_10,AIM KILL FLASH FOR ACOG SIGHT BLACK,Óptica e Iluminación,https://www.arsenalsports.com/img/19942/produtos/400/4e35eac17840fb8af643b3b7ac02fde6.jpg,12,La descripción de este producto se actualizará próximamente.,Las características se actualizarán próximamente.
1784067477202_11,AIM KILL FLASH FOR ACOG SIGHT DESERT,Óptica e Iluminación,https://www.arsenalsports.com/img/19943/produtos/400/2e60986d3adc6f87a48599fa5dfd362d.jpg,12,La descripción de este producto se actualizará próximamente.,Las características se actualizarán próximamente.
1784067478939_12,AIM KILL FLASH FOR G33 3X BLACK,Óptica e Iluminación,https://www.arsenalsports.com/img/19971/produtos/400/56ca21725c1cf542b3fdcf6ccf682fc1.jpg,9,La descripción de este producto se actualizará próximamente.,Las características se actualizarán próximamente.
1784067480723_13,AIM KILL FLASH FOR MRO SIGHT BLACK,Óptica e Iluminación,https://www.arsenalsports.com/img/19947/produtos/400/37ad1ae1f810ed26245773d5e11f80f1.jpg,9,La descripción de este producto se actualizará próximamente.,Las características se actualizarán próximamente.
1784067482435_14,AIM KILL FLASH FOR RED DOT T1 & T2 BLACK,Óptica e Iluminación,https://www.arsenalsports.com/img/15543/produtos/400/47f8b48428392a27a9b5707fc3d100b8.jpg,8,La descripción de este producto se actualizará próximamente.,Las características se actualizarán próximamente.
1784067484618_15,AIM KILL FLASH FOR SIGHT MAGNIFIER ET 4X BLACK,Óptica e Iluminación,https://www.arsenalsports.com/img/19974/produtos/400/509342d11f0740680d69b306c43c08e8.jpg,9,La descripción de este producto se actualizará próximamente.,Las características se actualizarán próximamente.
1784067486321_16,AIM MOUNT BASE 20MM FOR MRO BLACK,Óptica e Iluminación,https://www.arsenalsports.com/img/19948/produtos/400/a12f0354e1401920cf0cd9731a76d3f4.jpg,18,La descripción de este producto se actualizará próximamente.,Las características se actualizarán próximamente.
1784067488056_17,AIM MOUNT BASE 28MM FOR  T1 / T2 / MRO / RMR BLACK,Óptica e Iluminación,https://www.arsenalsports.com/img/19983/produtos/400/cff1bbfef957d662570b4a86b72ab2cd.jpg,18,La descripción de este producto se actualizará próximamente.,Las características se actualizarán próximamente.
1784067489780_18,AIM MOUNT BASE 35MM FOR T1 / T2 / MRO / RMR BLACK,Óptica e Iluminación,https://www.arsenalsports.com/img/19984/produtos/400/88da41d4f2cbef0c31018ab957a4d2f5.jpg,18,La descripción de este producto se actualizará próximamente.,Las características se actualizarán próximamente.
1784067491885_19,AIM MOUNT BASE SKELETONIZED F1 FOR RED DOT BLACK,Óptica e Iluminación,https://www.arsenalsports.com/img/19985/produtos/400/945e3735314e3ae383d3f35750ed6267.jpg,15,La descripción de este producto se actualizará próximamente.,Las características se actualizarán próximamente.
1784067493771_20,AIM MOUNT BASE SKELETONIZED F1 FOR RED DOT TAN,Óptica e Iluminación,https://www.arsenalsports.com/img/19986/produtos/400/8ff34a25fe49653495b98159d6a2ee11.jpg,15,La descripción de este producto se actualizará próximamente.,Las características se actualizarán próximamente.
1784067495683_21,AIM RED DOT SIGHT DP PRO BLACK,Óptica e Iluminación,https://www.arsenalsports.com/img/19964/produtos/400/0e10c0083e640456c56d831171a34856.png,59,La descripción de este producto se actualizará próximamente.,Las características se actualizarán próximamente.
1784067497543_22,AIM RED DOT SIGHT OPTICAL EG1 DARK EARTH,Óptica e Iluminación,https://www.arsenalsports.com/img/19959/produtos/400/f358f8fc95373e610216c0e3ef41bd6d.jpg,69,La descripción de este producto se actualizará próximamente.,Las características se actualizarán próximamente.
1784067499414_23,AIM RED DOT SIGHT RED AND GREEN LCD BLACK,Óptica e Iluminación,https://www.arsenalsports.com/img/15559/produtos/400/50dd36ea321874e0bd953f2a29461aa6.jpg,56,La descripción de este producto se actualizará próximamente.,Las características se actualizarán próximamente.
1784067501238_26,AIM SCOPE 1-4X24SE RED AND GREEN AO3044 BLACK,Óptica e Iluminación,https://www.arsenalsports.com/img/26723/produtos/400/5c5ed4b497f0073e05a5b73b23095bad.jpg,68,La descripción de este producto se actualizará próximamente.,Las características se actualizarán próximamente.
1784067503131_27,AIM SIGHT SUSAT 4X CROSSHAIR AO3038 BLACK,Óptica e Iluminación,https://www.arsenalsports.com/img/19987/produtos/400/0e26c66e6c3b6602458e8ef9b2732f78.jpg,65,La descripción de este producto se actualizará próximamente.,Las características se actualizarán próximamente.
1784067504999_28,ANGRY GUN RING ONE PIECE SCOPE MOUNT 34MM BLACK,Óptica e Iluminación,https://www.arsenalsports.com/img/35251/produtos/400/c61ab97d728e80d99b3643065811624c.jpg,78,La descripción de este producto se actualizará próximamente.,Las características se actualizarán próximamente.
1784067508089_29,ANGRY GUN RING ONE PIECE SCOPE MOUNT 34MM FLAT DARK EARTH,Óptica e Iluminación,https://www.arsenalsports.com/img/35252/produtos/400/ddcf3258b304fecb4fc1a9758e2599d4.jpg,78,La descripción de este producto se actualizará próximamente.,Las características se actualizarán próximamente.
1784067509986_30,ANGRY GUN SCOPE TOXICANT 1-10X24 FFP FLAT DARK EARTH,Óptica e Iluminación,https://www.arsenalsports.com/img/35264/produtos/400/ef373e72661f2a148a5c5cf0ac0591e3.jpg,390,La descripción de este producto se actualizará próximamente.,Las características se actualizarán próximamente.
1784067512900_31,APS MOUNT BASE C-MORE CARBON SIGHT FOR TM HI-CAPA BLACK,Óptica e Iluminación,https://www.arsenalsports.com/img/12069/produtos/400/ee9d8a5d88b63a85c6dcfe1413bdfadd.jpg,25,La descripción de este producto se actualizará próximamente.,Las características se actualizarán próximamente.
1784067514778_32,APS MOUNT BASE C-MORE CARBON SIGHT FOR TM HI-CAPA SILVER,Óptica e Iluminación,https://www.arsenalsports.com/img/12070/produtos/400/d982f2e1ff85363d453fc6ae19d9a55a.jpg,25,La descripción de este producto se actualizará próximamente.,Las características se actualizarán próximamente.
1784067516638_33,APS MOUNT BASE RAIL FOR RED DOT SIGHT FOR ACP / GLOCK,Óptica e Iluminación,https://www.arsenalsports.com/img/11457/produtos/400/4007ce375a848ff40b1347111b3a2103.jpg,7,La descripción de este producto se actualizará próximamente.,Las características se actualizarán próximamente.
1784067518514_34,APS MOUNT BASE RAIL SCOPE FOR AK74,Óptica e Iluminación,https://www.arsenalsports.com/img/24021/produtos/400/91f85ad2630e8e1316f4ae0a8fd16788.jpg,9,La descripción de este producto se actualizará próximamente.,Las características se actualizarán próximamente.
1784067520287_35,ARES MOUNT FOR FLASHLIGHT WITH M-LOK,Óptica e Iluminación,https://www.arsenalsports.com/img/18910/produtos/400/77b9e7c3a4db858a701ffe00cbabe583.jpg,48,La descripción de este producto se actualizará próximamente.,Las características se actualizarán próximamente.
1784067531349_0,REBOUND BANERA INFLABLE DE INMERSION EN FRIO HASTA 6 PERSONAS 200X80CM NEGRO,Fitness & Recovery,https://www.arsenalsports.com/img/31607/produtos/400/47b9c2f44e0657fa0ee302197a93f584.png,450,La descripción de este producto se actualizará próximamente.,Las características se actualizarán próximamente.
1784067533237_1,REBOUND BANERA INFLABLE DOBLE ANGULO DE INMERSION EN FRIO 160X85X60CM GRIS,Fitness & Recovery,https://www.arsenalsports.com/img/31603/produtos/400/2c1914aa6594a04fb2f20794160a457f.png,400,La descripción de este producto se actualizará próximamente.,Las características se actualizarán próximamente.
1784067535103_2,REBOUND BANERA INFLABLE PARA TERAPIA DE CONTRASTE FRIO CALOR GRIS,Fitness & Recovery,https://www.arsenalsports.com/img/31616/produtos/400/f7f97b8939a0fe315e1cf94241567342.png,690,La descripción de este producto se actualizará próximamente.,Las características se actualizarán próximamente.
1784067536819_3,REBOUND BANERA POD DE INMERSION EN FRIO 120X65X65CM NEGRO,Fitness & Recovery,https://www.arsenalsports.com/img/31606/produtos/400/62cd077ffb6a688baa47b144bbf93825.png,70,La descripción de este producto se actualizará próximamente.,Las características se actualizarán próximamente.
1784067539083_4,REBOUND BOTA DE LED ROJA INFRAROJA NIR 660 + 850,Fitness & Recovery,https://www.arsenalsports.com/img/32963/produtos/400/4e1aed1530d3b755a3bd2f9fcc9a732e.jpg,499,La descripción de este producto se actualizará próximamente.,Las características se actualizarán próximamente.
1784067541268_5,REBOUND BOTAS DE COMPRESION PORT?TIL 4 CAMARAS SUPERPOSICION SIZE MEDIUM,Fitness & Recovery,https://www.arsenalsports.com/img/27579/produtos/400/eacb567a6cafaa009bd73abbc0b61a10.jpg,286,La descripción de este producto se actualizará próximamente.,Las características se actualizarán próximamente.
1784067546836_6,REBOUND BOTAS DE COMPRESION PORTÁTIL 4 CAMARAS SUPERPOSICION SIZE LARGE,Fitness & Recovery,https://www.arsenalsports.com/img/32978/produtos/400/5a32a4d58581ba37d6935e1252b342cb.jpg,300,La descripción de este producto se actualizará próximamente.,Las características se actualizarán próximamente.
1784067548788_7,REBOUND BOTAS DE COMPRESION PORTÁTIL 4 CAMARAS SUPERPOSICION SIZE LARGE COMBO A,Fitness & Recovery,https://www.arsenalsports.com/img/35475/produtos/400/2b04ee73901900de079fa051e7a7fd99.jpg,346,La descripción de este producto se actualizará próximamente.,Las características se actualizarán próximamente.
1784067551435_8,REBOUND BOTAS DE COMPRESION PORTÁTIL 4 CAMARAS SUPERPOSICION SIZE LARGE COMBO B,Fitness & Recovery,https://www.arsenalsports.com/img/35478/produtos/400/72990d92450fb38e05b0f6d00dd64231.jpg,370,La descripción de este producto se actualizará próximamente.,Las características se actualizarán próximamente.
1784067555432_9,REBOUND CRIOTERAPIA SISTEMA DE TERAPIA DE FRIO COOLMAN CON FAJA UNIVERSAL,Fitness & Recovery,https://www.arsenalsports.com/img/27600/produtos/400/e6fd307659f0a27a58190da9107fefac.jpg,180,La descripción de este producto se actualizará próximamente.,Las características se actualizarán próximamente.
1784067557159_10,REBOUND EAP MONITOR DA FREQUÊNCIA CARDÍACA PARA TREINAMENTO EM GRUPO KIT 20 USUÁRIOS,Fitness & Recovery,https://www.arsenalsports.com/img/35672/produtos/400/159cd3340510c46631851db0bc93735e.jpg,2772,La descripción de este producto se actualizará próximamente.,Las características se actualizarán próximamente.
1784067558969_11,REBOUND FAIXA ELETRICA MASSAGEADOR COM COMPRESSAO DE AR E CALOR PARA JOELHO,Fitness & Recovery,https://www.arsenalsports.com/img/27520/produtos/400/6c7b83e2ae5d4b3a38fdbbd8c495bceb.jpg,72,La descripción de este producto se actualizará próximamente.,Las características se actualizarán próximamente.
1784067560667_12,REBOUND FAIXA ELETRICA MASSAGEADOR COM COMPRESSAO DE AR E CALOR PARA PUNHO,Fitness & Recovery,https://www.arsenalsports.com/img/27518/produtos/400/b67782336fe2883f635b930597b46e04.jpg,68,La descripción de este producto se actualizará próximamente.,Las características se actualizarán próximamente.
1784067562418_13,REBOUND FAIXA ELETRICA MASSAGEADOR COM COMPRESSAO DE AR E CALOR PARA TORNOZELO,Fitness & Recovery,https://www.arsenalsports.com/img/27519/produtos/400/667862c1604f7904f0c4795bb7852eea.jpg,68,La descripción de este producto se actualizará próximamente.,Las características se actualizarán próximamente.
1784067564197_14,REBOUND GUA SHA MADEIRA LIBERACAO MIOFACIAL GUIDAO 4PCS,Fitness & Recovery,https://www.arsenalsports.com/img/27537/produtos/400/1bdfa135afbceaaf1751bec0c7e45539.jpg,16,La descripción de este producto se actualizará próximamente.,Las características se actualizarán próximamente.
1784067565911_15,REBOUND GUA SHA MADEIRA PARA PONTO GATILHO FOOT PRESS,Fitness & Recovery,https://www.arsenalsports.com/img/27541/produtos/400/a1c93d093c264d94edcf8461544547fd.jpg,5,La descripción de este producto se actualizará próximamente.,Las características se actualizarán próximamente.
1784067567583_16,REBOUND GUA SHA MADEIRA PARA PONTO GATILHO POINT PRESS,Fitness & Recovery,https://www.arsenalsports.com/img/27548/produtos/400/07449b5c98235286ef4c06395371e6e8.jpg,3,La descripción de este producto se actualizará próximamente.,Las características se actualizarán próximamente.
1784067569263_17,REBOUND GUA SHA MADEIRA PARA PONTO GATILHO TRIANGLE,Fitness & Recovery,https://www.arsenalsports.com/img/27540/produtos/400/a1d4c5f14b3dfdc5d18a076033e57496.jpg,3,La descripción de este producto se actualizará próximamente.,Las características se actualizarán próximamente.
1784067570968_18,REBOUND GUA SHA MADEIRA RASPADOR CORPO E ROSTO 3PCS,Fitness & Recovery,https://www.arsenalsports.com/img/27547/produtos/400/04632aec7e2adb1c473b3ffbac276e4b.jpg,16,La descripción de este producto se actualizará próximamente.,Las características se actualizarán próximamente.
1784067572662_19,REBOUND IASTM SOCO BLADE ELETRICO SMART LIBERACAO MIOFASCIAL EMS CALOR,Fitness & Recovery,https://www.arsenalsports.com/img/27560/produtos/400/ad63c1e826ead2f98b0dbd6b9e8c9a39.jpg,96,La descripción de este producto se actualizará próximamente.,Las características se actualizarán próximamente.
1784067574652_20,REBOUND IASTM SOCO ELETRICO SMART VIBRACAO EMS AQUECIMENTO BRANCO,Fitness & Recovery,https://www.arsenalsports.com/img/27513/produtos/400/1e4e4d289f7a1ee8f6f5ca257d904e09.jpg,34,La descripción de este producto se actualizará próximamente.,Las características se actualizarán próximamente.
1784067579867_21,REBOUND IASTM SOCO ELETRICO SMART VIBRACAO EMS AQUECIMENTO PRETO,Fitness & Recovery,https://www.arsenalsports.com/img/27514/produtos/400/7cac45c8188cd91c981045b19706c3a1.jpg,34,La descripción de este producto se actualizará próximamente.,Las características se actualizarán próximamente.
1784067581742_22,REBOUND IASTM SOCO ROLO ELETRICO SMART LIBERACAO MIOFASCIAL RADIOFREQUENCIA EMS CALOR,Fitness & Recovery,https://www.arsenalsports.com/img/27559/produtos/400/f74f394288b551e34c425ec3cdbea1e7.jpg,110,La descripción de este producto se actualizará próximamente.,Las características se actualizarán próximamente.
1784067583985_24,REBOUND INSTRUMENTO IASTM SOCO LIBERACAO MIOFACIAL ACO INOXIDAVEL,Fitness & Recovery,https://www.arsenalsports.com/img/27500/produtos/400/426afbb53701f46c5fe266927bda1c83.jpg,24,La descripción de este producto se actualizará próximamente.,Las características se actualizarán próximamente.
1784067587216_25,REBOUND KIT INSTRUMENTO IASTM LIBERACAO MIOFACIAL 6PCS ACO INOXIDAVEL,Fitness & Recovery,https://www.arsenalsports.com/img/27499/produtos/400/39fb048a51c3d6031851a6b210777118.jpg,112,La descripción de este producto se actualizará próximamente.,Las características se actualizarán próximamente.
1784067589238_26,REBOUND KIT PEDRA BASALTO PRETO 16PCS COM AQUECEDOR 60W,Fitness & Recovery,https://www.arsenalsports.com/img/27530/produtos/400/796e0c4f9a49941e36e118d4ab33b12a.jpg,46,La descripción de este producto se actualizará próximamente.,Las características se actualizarán próximamente.
1784067591067_27,REBOUND KIT VENTOSA ABS 32 PCS,Fitness & Recovery,https://www.arsenalsports.com/img/27493/produtos/400/4144c141b8a9104ab940c845b0c36fad.jpg,16,La descripción de este producto se actualizará próximamente.,Las características se actualizarán próximamente.
1784067593568_28,REBOUND MASSAGEADOR BOLA 13CM VIBRADORA 3 NIVEIS,Fitness & Recovery,https://www.arsenalsports.com/img/27516/produtos/400/2a808b4322e9aac60dbee9435590d1b1.jpg,62,La descripción de este producto se actualizará próximamente.,Las características se actualizarán próximamente.
1784067595494_29,REBOUND MASSAGEADOR BOLA 9CM MINI VIBRADORA 3 NIVEIS,Fitness & Recovery,https://www.arsenalsports.com/img/28157/produtos/400/a1d738e416de8fa4edd7d5774a7c540d.jpg,32,La descripción de este producto se actualizará próximamente.,Las características se actualizarán próximamente.
1784067597378_30,REBOUND MASSAGEADOR PORT?TIL PRO 6 AJUSTE DE VELOCIDADE 13MM AMPLITUDE,Fitness & Recovery,https://www.arsenalsports.com/img/27591/produtos/400/34be37696fc0db1902fcea1b91fcf5ae.jpg,96,La descripción de este producto se actualizará próximamente.,Las características se actualizarán próximamente.
1784067599162_31,REBOUND MASSAGEADOR ROLO 29CM VIBRADORA 5 NIVEIS DE INTENSIDADES,Fitness & Recovery,https://www.arsenalsports.com/img/27607/produtos/400/a073917065d2a7c9b6fe6834c2da0488.jpg,52,La descripción de este producto se actualizará próximamente.,Las características se actualizarán próximamente.
1784067600839_32,REBOUND PONTEIRA COM AQUECIMENTO E RESFRIAMENTO PARA MASSAGEADORES,Fitness & Recovery,https://www.arsenalsports.com/img/27597/produtos/400/e4e926fb3b74d99cb981ce9beb7c3b73.jpg,20,La descripción de este producto se actualizará próximamente.,Las características se actualizarán próximamente.
1784067602534_33,REBOUND SISTEMA DE ENTRENAMIENTO DE AGILIDAD Y REACCIÓN DE 6 LÁMPARAS CON CONTROL REMOTO,Fitness & Recovery,https://www.arsenalsports.com/img/33284/produtos/400/4f0fbf7fc9af367334e25e2aa175b463.jpg,165,La descripción de este producto se actualizará próximamente.,Las características se actualizarán próximamente.
1784067605138_34,REBOUND VENTOSA ELETRICA SMART SUCCAO DINAMICA VIBRACAO EMS LUZ VERMELHA CALOR,Fitness & Recovery,https://www.arsenalsports.com/img/27572/produtos/400/e003a80befc4755be72f3178ab48de13.jpg,80,La descripción de este producto se actualizará próximamente.,Las características se actualizarán próximamente.
1784067607238_35,REBOUND VENTOSA ELETRICA SMART SUCCAO DINAMICA VIBRACAO LUZ VERMELHA 6 COPOS,Fitness & Recovery,https://www.arsenalsports.com/img/27570/produtos/400/77e9a8849dfbb5ed0c48eb7ac4c43f91.jpg,130,La descripción de este producto se actualizará próximamente.,Las características se actualizarán próximamente.
1784067613958_0,ACEBEAM FLASHLIGHT LED 2200L / 1083M,Outdoor & Survival,https://www.arsenalsports.com/img/31479/produtos/400/70701f31b8977b3a7f67c2ff217a72be.png,125,La descripción de este producto se actualizará próximamente.,Las características se actualizarán próximamente.
1784067615639_1,BUFFALO GEAR BACKPACK COOLER WITH HOLDER FISHING 26 LITER,Outdoor & Survival,https://www.arsenalsports.com/img/33307/produtos/400/f9c7587be7d85543c457fc6672da53fa.png,89,La descripción de este producto se actualizará próximamente.,Las características se actualizarán próximamente.
1784067618533_2,BUFFALO GEAR COOLER BAG FANNY WITH AIRTIGHT 9L WHITE,Outdoor & Survival,https://www.arsenalsports.com/img/33292/produtos/400/0c3a1f1fe2385d41cce17b556ff7909e.png,59,La descripción de este producto se actualizará próximamente.,Las características se actualizarán próximamente.
1784067620244_3,BUFFALO GEAR ICE PACK WATERPROOF REYSABLE 5PCS,Outdoor & Survival,https://www.arsenalsports.com/img/33308/produtos/400/8a61aad888707221346e5214c06ad40c.png,17,La descripción de este producto se actualizará próximamente.,Las características se actualizarán próximamente.
1784067622115_4,CONTROLE REMOTO S/FIO HASWING P/ CAYMAN 50738,Outdoor & Survival,https://www.arsenalsports.com/img/33454/produtos/400/a289494b140dd5bd58ccdaa7e4e1e770.png,93,La descripción de este producto se actualizará próximamente.,Las características se actualizarán próximamente.
1784067623866_5,LF LIFESTYLE GARRAFA TERMICA 24HRS 1000ML BUE,Outdoor & Survival,https://www.arsenalsports.com/img/31137/produtos/400/87a945020b7ddae52f78543f96f4d253.jpg,15,La descripción de este producto se actualizará próximamente.,Las características se actualizarán próximamente.
1784067625887_6,LF LIFESTYLE GARRAFA TERMICA 24HRS 1000ML GREEN,Outdoor & Survival,https://www.arsenalsports.com/img/29819/produtos/400/9d854e49657ef7459365cfec51e810eb.jpg,15,La descripción de este producto se actualizará próximamente.,Las características se actualizarán próximamente.
1784067628466_7,LF LIFESTYLE GARRAFA TERMICA 24HRS 1500ML BLUE,Outdoor & Survival,https://www.arsenalsports.com/img/31134/produtos/400/225c144a62cbd437f98ecb90a0a4463e.jpg,15,La descripción de este producto se actualizará próximamente.,Las características se actualizarán próximamente.
1784067630326_8,LF LIFESTYLE GARRAFA TERMICA 24HRS 1500ML GREEN,Outdoor & Survival,https://www.arsenalsports.com/img/29820/produtos/400/f293e6a3a4b95c3bfdff28a34df6910a.jpg,16,La descripción de este producto se actualizará próximamente.,Las características se actualizarán próximamente.
1784067632147_9,LF LIFESTYLE GARRAFA TERMICA 24HRS 450ML GREEN,Outdoor & Survival,https://www.arsenalsports.com/img/29821/produtos/400/e224ca93b616a9f9f31c4ce3d3a5d43e.jpg,12,La descripción de este producto se actualizará próximamente.,Las características se actualizarán próximamente.
1784067633932_10,LF LIFESTYLE GARRAFA TERMICA 24HRS 750ML BLUE,Outdoor & Survival,https://www.arsenalsports.com/img/31133/produtos/400/ecba1c5b071be4a17c22a60a2f3397c3.png,13,La descripción de este producto se actualizará próximamente.,Las características se actualizarán próximamente.
1784067635631_11,LF LIFESTYLE GARRAFA TERMICA 24HRS 750ML GREEN,Outdoor & Survival,https://www.arsenalsports.com/img/29822/produtos/400/2a431f9b1551e66c5e3e651f941b51f8.jpg,13,La descripción de este producto se actualizará próximamente.,Las características se actualizarán próximamente.
1784067637431_12,LF LIFESTYLE GARRAFA TERMICA TRIPOD 24HRS 750ML BLACK,Outdoor & Survival,https://www.arsenalsports.com/img/31131/produtos/400/0ffb17050c58c245229b3875085733b0.jpg,15,La descripción de este producto se actualizará próximamente.,Las características se actualizarán próximamente.
1784067639264_13,LF LIFESTYLE GARRAFA TERMICA TRIPOD 24HRS 750ML BLUE,Outdoor & Survival,https://www.arsenalsports.com/img/31130/produtos/400/92e56b6fe3eb1fa0631544f31159b84d.jpg,15,La descripción de este producto se actualizará próximamente.,Las características se actualizarán próximamente.
1784067641072_14,LF LIFESTYLE GARRAFA TERMICA TRIPOD 24HRS 750ML GREEN,Outdoor & Survival,https://www.arsenalsports.com/img/31132/produtos/400/754f5d1f1249e312091101799cf5d920.jpg,15,La descripción de este producto se actualizará próximamente.,Las características se actualizarán próximamente.
1784067642844_15,LF LIFESTYLE GARRAFA TERMICA TRIPOD 24HRS 750ML WHITE,Outdoor & Survival,https://www.arsenalsports.com/img/31129/produtos/400/bc80253530384658316f8cdf7ba871e8.jpg,15,La descripción de este producto se actualizará próximamente.,Las características se actualizarán próximamente.
1784067644749_16,MARUI BARCO PEBDL MOD. IT-Z1 COLOR BLUE,Outdoor & Survival,https://www.arsenalsports.com/img/35445/produtos/400/32096ac21df61e67f8210fb913848a79.jpeg,2490,La descripción de este producto se actualizará próximamente.,Las características se actualizarán próximamente.
1784067646714_17,MARUI BARCO PEBDL MOD. IT-Z1 COLOR GREY,Outdoor & Survival,https://www.arsenalsports.com/img/35447/produtos/400/ea353da61d273a518c446dd197bf95c6.jpg,2490,La descripción de este producto se actualizará próximamente.,Las características se actualizarán próximamente.
1784067649345_18,MARUI BARCO PEBDL MOD. IT-Z1 COLOR ORANGE,Outdoor & Survival,https://www.arsenalsports.com/img/35446/produtos/400/2ec8a9e579cb4dd5fe181debf16a42b9.jpg,2490,La descripción de este producto se actualizará próximamente.,Las características se actualizarán próximamente.
1784067654357_19,MOTOR ELETRICO HASWING CAYMAN T POPA 12V 55LBS WHITE 820mm,Outdoor & Survival,https://www.arsenalsports.com/img/33400/produtos/400/b024a30aef1513028515d40ec23717e7.png,445,La descripción de este producto se actualizará próximamente.,Las características se actualizarán próximamente.
1784067656632_20,MOTOR ELETRICO HASWING OSAPIAN KAYAK BRUSHLESS 12V 40LBS BLACK,Outdoor & Survival,https://www.arsenalsports.com/img/33413/produtos/400/1e4d4a6057728bc7ae0a83a50d5cfcda.png,245,La descripción de este producto se actualizará próximamente.,Las características se actualizarán próximamente.
1784067658631_21,SEA STORM BOAT 12 HDPE ADVANTAGE RED,Outdoor & Survival,https://www.arsenalsports.com/img/34210/produtos/400/b2045beca4ba5783c02d299e083c3f51.jpg,6500,La descripción de este producto se actualizará próximamente.,Las características se actualizarán próximamente.
1784067660611_22,SEA STORM BOAT 14 HDPE ADVANTAGE DARK RED,Outdoor & Survival,https://www.arsenalsports.com/img/34903/produtos/400/b2fecc506b0b92e2a1aed1a1845400a2.jpg,9900,La descripción de este producto se actualizará próximamente.,Las características se actualizarán próximamente.
1784067662628_23,"VINMOUNTS  BALL CLAMP SQUARE BASE POST WITH 2.25"" BALL 40x75 RAIL",Outdoor & Survival,https://www.arsenalsports.com/img/33180/produtos/400/c534abbbe5d8e11a95abe02d79d01b56.png,24,La descripción de este producto se actualizará próximamente.,Las características se actualizarán próximamente.
1784067664349_24,"VINMOUNTS BALL CLAMP SQUARE BASE WITH 1/4""-20 THREADED STUD C SIZE",Outdoor & Survival,https://www.arsenalsports.com/img/33200/produtos/400/afd8c41961590074923c41dfe7d46643.png,8,La descripción de este producto se actualizará próximamente.,Las características se actualizarán próximamente.
1784067666105_25,ARMADILLO GAZEBO 3 x 3 BLUE,Outdoor & Survival,https://www.arsenalsports.com/img/4651/produtos/400/1819e649fe119cae52f115a6fa9effce.jpg,225,La descripción de este producto se actualizará próximamente.,Las características se actualizarán próximamente.
1784067667830_26,ARMADILLO GAZEBO 3 x 6 BLACK,Outdoor & Survival,https://www.arsenalsports.com/img/6866/produtos/400/eaa133745a53c187672942c85ddddb59.jpg,277,La descripción de este producto se actualizará próximamente.,Las características se actualizarán próximamente.
1784067669529_27,ARMADILLO MILITARY FIELD DESK,Outdoor & Survival,https://www.arsenalsports.com/img/16270/produtos/400/f415d0f75ebcc703e1e6177debbf4f37.jpg,650,La descripción de este producto se actualizará próximamente.,Las características se actualizarán próximamente.
1784067671234_28,KINGII WATER SPORTS WEARABLE CO2 INFLATOR,Outdoor & Survival,https://www.arsenalsports.com/img/18291/produtos/400/ee74c677c5e39cfb5acaeb48c4fddadd.jpg,20,La descripción de este producto se actualizará próximamente.,Las características se actualizarán próximamente.
1784067673434_29,MARUI KAYAK RANDO VK-45 ARMY GREEN,Outdoor & Survival,https://www.arsenalsports.com/img/35448/produtos/400/7850958a662552eb10fc150fc3bde8f1.png,720,La descripción de este producto se actualizará próximamente.,Las características se actualizarán próximamente.
1784067676631_30,MARUI KAYAK SKIFF VK-37 GREEN & BLACK,Outdoor & Survival,https://www.arsenalsports.com/img/35449/produtos/400/477fc6c83e03f942345c84d2256a05c8.jpg,1220,La descripción de este producto se actualizará próximamente.,Las características se actualizarán próximamente.
1784067680286_31,MARUI KAYAK YK-04 BEIGE,Outdoor & Survival,https://www.arsenalsports.com/img/35452/produtos/400/78512c0bbcebd543281a2fcfd64698a6.png,790,La descripción de este producto se actualizará próximamente.,Las características se actualizarán próximamente.
1784067682610_32,MARUI KAYAK YK-08 ORANGE,Outdoor & Survival,https://www.arsenalsports.com/img/35451/produtos/400/2ba8389141b4e04b23b3ea254759af09.jpg,690,La descripción de este producto se actualizará próximamente.,Las características se actualizarán próximamente.
1784067684280_33,MARUI KAYAK ZERO YK-03 BLACK & BLUE,Outdoor & Survival,https://www.arsenalsports.com/img/35671/produtos/400/7481c05360f40ba127564fda339edb55.jpg,990,La descripción de este producto se actualizará próximamente.,Las características se actualizarán próximamente.
1784067685929_34,MARUI STAND UP PADDLE SUP VK-16 BLACK & GREY,Outdoor & Survival,https://www.arsenalsports.com/img/35450/produtos/400/768bd1c3af86ba0f6d0f8746fa6bb4ca.jpg,395,La descripción de este producto se actualizará próximamente.,Las características se actualizarán próximamente.
1784067687998_35,MORE FITNESS FIRST AID - KIT PRIMEIROS SOCORROS - GK01008 - 103 PCS,Outdoor & Survival,https://www.arsenalsports.com/img/21253/produtos/400/fa0502e3de6dea89927ca7fda9558d13.jpg,10,La descripción de este producto se actualizará próximamente.,Las características se actualizarán próximamente.
1784067693376_1,CAMEWIN OVER GRIP PACK 10PCS,Deportes y Ocio,https://www.arsenalsports.com/img/28819/produtos/400/2e9aedf5959002594a7f7c7110bc51ae.jpg,5,La descripción de este producto se actualizará próximamente.,Las características se actualizarán próximamente.
1784067695087_2,CAMEWIN OVER GRIP PURPLE,Deportes y Ocio,https://www.arsenalsports.com/img/34173/produtos/400/34ec375cd730f945bf6456a93c60fece.jpg,0.49,La descripción de este producto se actualizará próximamente.,Las características se actualizarán próximamente.
1784067696797_3,CAMEWIN OVER GRIP PURPLE YELLOW,Deportes y Ocio,https://www.arsenalsports.com/img/34174/produtos/400/97266eec89ea63aa32d7ed393046cc91.jpg,0.49,La descripción de este producto se actualizará próximamente.,Las características se actualizarán próximamente.
1784067698478_4,CAMEWIN PADEL 50% CARBON GRAY,Deportes y Ocio,https://www.arsenalsports.com/img/28764/produtos/400/91c4723b614600f12b4daf49e86edae1.jpg,29.99,La descripción de este producto se actualizará próximamente.,Las características se actualizarán próximamente.
1784067700416_5,CAMEWIN PADEL 50% CARBON GREEN,Deportes y Ocio,https://www.arsenalsports.com/img/28762/produtos/400/70de4c63988e74182f259e1613d74791.jpg,29.99,La descripción de este producto se actualizará próximamente.,Las características se actualizarán próximamente.
1784067702298_6,CAMEWIN PADEL 50% CARBON ORANGE,Deportes y Ocio,https://www.arsenalsports.com/img/28763/produtos/400/07bd98b4eadef104acb037f0f5a8106a.jpg,29.99,La descripción de este producto se actualizará próximamente.,Las características se actualizarán próximamente.
1784067705577_7,CAMEWIN PADEL BALL WOOL TUBO PACK 03PCS,Deportes y Ocio,https://www.arsenalsports.com/img/28809/produtos/400/cbea4acca3c2922611bd760a61ce9bc1.jpg,4.99,La descripción de este producto se actualizará próximamente.,Las características se actualizarán próximamente.
1784067707415_8,CAMEWIN PICKLE BALL EXTERNO YELLOW,Deportes y Ocio,https://www.arsenalsports.com/img/28806/produtos/400/37563231686d007d20830397c0df0ab1.jpg,0.95,La descripción de este producto se actualizará próximamente.,Las características se actualizarán próximamente.
1784067709276_9,CAMEWIN PICKLE BALL INTERNO ORANGE,Deportes y Ocio,https://www.arsenalsports.com/img/28807/produtos/400/f54fd306395b95d38acae6df5fde5226.jpg,0.95,La descripción de este producto se actualizará próximamente.,Las características se actualizarán próximamente.
1784067711161_10,CAMEWIN PICKLE CARBON 3K BAOKAS BLACK & PINK,Deportes y Ocio,https://www.arsenalsports.com/img/28767/produtos/400/603e5d87dbe5ed153d96b356b90fb104.jpg,19.99,La descripción de este producto se actualizará próximamente.,Las características se actualizarán próximamente.
1784067712862_11,CAMEWIN PICKLE FIBERGLASS HELIUM BROWN,Deportes y Ocio,https://www.arsenalsports.com/img/28780/produtos/400/f0740fc250aa2f6c6fb453d5d17f2d87.jpg,14.99,La descripción de este producto se actualizará próximamente.,Las características se actualizarán próximamente.
1784067714560_12,CAMEWIN PICKLE FIBERGLASS HELIUM GREEN,Deportes y Ocio,https://www.arsenalsports.com/img/28779/produtos/400/142ef2bca0aac5ca9e88d5f6fc54c410.jpg,14.99,La descripción de este producto se actualizará próximamente.,Las características se actualizarán próximamente.
1784067716318_13,CAMEWIN PICKLE FIBERGLASS HELIUM PINK,Deportes y Ocio,https://www.arsenalsports.com/img/28781/produtos/400/55f3b8fffb5587815cd37086cd9975b0.jpg,14.99,La descripción de este producto se actualizará próximamente.,Las características se actualizarán próximamente.
1784067718014_14,CAMEWIN PICKLE FIBERGLASS SPORT,Deportes y Ocio,https://www.arsenalsports.com/img/28782/produtos/400/e7502234f1cb43717231a66e57897261.jpg,14.99,La descripción de este producto se actualizará próximamente.,Las características se actualizarán próximamente.
1784067719723_15,CAMEWIN PICKLE PADEL HYBRID CARBON 3K BLACK & BLUE,Deportes y Ocio,https://www.arsenalsports.com/img/28808/produtos/400/8ba5e106c8e4066836b9ecab2fc63d44.jpg,14.99,La descripción de este producto se actualizará próximamente.,Las características se actualizarán próximamente.
1784067721538_16,CAMEWIN PICKLE T300 BLACK MIX,Deportes y Ocio,https://www.arsenalsports.com/img/28811/produtos/400/e34f96ac36c381ae692e735f244f2999.jpg,14.99,La descripción de este producto se actualizará próximamente.,Las características se actualizarán próximamente.
1784067723863_17,CAMEWIN PICKLE T300 BLUE & GREEN,Deportes y Ocio,https://www.arsenalsports.com/img/28812/produtos/400/963a211138e57b2a8b226b98195e9109.jpg,14.99,La descripción de este producto se actualizará próximamente.,Las características se actualizarán próximamente.
1784067725660_18,CAMEWIN RAQUETE AIEOPOSO PICKLEBALL BLACK & GREY,Deportes y Ocio,https://www.arsenalsports.com/img/28745/produtos/400/e9a329c7442aaa2a3b03ad50a1d9d556.jpg,14.99,La descripción de este producto se actualizará próximamente.,Las características se actualizarán próximamente.
1784067727466_19,CAMEWIN RAQUETE AIEOPOSO PICKLEBALL WHITE,Deportes y Ocio,https://www.arsenalsports.com/img/28744/produtos/400/3ef0acd8f7f7ff55669660867c6420a8.jpg,14.99,La descripción de este producto se actualizará próximamente.,Las características se actualizarán próximamente.
1784067729211_20,CAMEWIN RAQUETE BEACH 12K BLUE,Deportes y Ocio,https://www.arsenalsports.com/img/28791/produtos/400/b959a717a793e2b50c0d5be707fa5cfc.jpg,59,La descripción de este producto se actualizará próximamente.,Las características se actualizarán próximamente.
1784067730929_21,CAMEWIN RAQUETE BEACH 12K GREEN,Deportes y Ocio,https://www.arsenalsports.com/img/28792/produtos/400/9cb3ac4346c392b1e651f8aa105902b6.jpg,44.99,La descripción de este producto se actualizará próximamente.,Las características se actualizarán próximamente.
1784067732660_22,CAMEWIN RAQUETE BEACH 12K YELLOW,Deportes y Ocio,https://www.arsenalsports.com/img/28790/produtos/400/a0fb1d8237fe17fad8d728c8a5de62d6.jpg,44.99,La descripción de este producto se actualizará próximamente.,Las características se actualizarán próximamente.
1784067734340_23,CAMEWIN RAQUETE BEACH 18K BLACK & BLUE,Deportes y Ocio,https://www.arsenalsports.com/img/28797/produtos/400/9f9cab9cccd3819f9a0c14eb4fc98497.jpg,49.99,La descripción de este producto se actualizará próximamente.,Las características se actualizarán próximamente.
1784067736027_24,CAMEWIN RAQUETE BEACH 18K BLACK & BLUE,Deportes y Ocio,https://www.arsenalsports.com/img/28798/produtos/400/3d495436a0260461b9ac2062ff20f038.jpg,49.99,La descripción de este producto se actualizará próximamente.,Las características se actualizarán próximamente.
1784067737711_25,CAMEWIN RAQUETE BEACH 3K BLACK & GOLD,Deportes y Ocio,https://www.arsenalsports.com/img/28796/produtos/400/b244ce257d76552525f20ae40345e61f.jpg,39.99,La descripción de este producto se actualizará próximamente.,Las características se actualizarán próximamente.
1784067739618_26,CAMEWIN RAQUETE BEACH 3K BLUE & BLACK,Deportes y Ocio,https://www.arsenalsports.com/img/28795/produtos/400/a8004640f7a33b82b6a621b44825c80d.jpg,39.99,La descripción de este producto se actualizará próximamente.,Las características se actualizarán próximamente.
1784067741359_27,CAMEWIN RAQUETE BEACH 3K YELLOW,Deportes y Ocio,https://www.arsenalsports.com/img/28793/produtos/400/e3aca35af1d077a07563fd5286d0cd16.jpg,39.99,La descripción de este producto se actualizará próximamente.,Las características se actualizarán próximamente.
1784067743693_28,CAMEWIN RAQUETE BEACH 50% CARBON BLUE,Deportes y Ocio,https://www.arsenalsports.com/img/28769/produtos/400/31c6bb68420741c4b0160c146d50dc89.jpg,24.99,La descripción de este producto se actualizará próximamente.,Las características se actualizarán próximamente.
1784067745903_29,CAMEWIN RAQUETE BEACH 50% CARBON GREEN,Deportes y Ocio,https://www.arsenalsports.com/img/28778/produtos/400/72cee93f0ec0b219758028a99e95a70b.jpg,24.99,La descripción de este producto se actualizará próximamente.,Las características se actualizarán próximamente.
1784067748070_30,CAMEWIN RAQUETE BEACH 50% CARBON LIMA GREEN,Deportes y Ocio,https://www.arsenalsports.com/img/28771/produtos/400/b32a92890f0c20b44db55e61055ba2fb.jpg,24.99,La descripción de este producto se actualizará próximamente.,Las características se actualizarán próximamente.
1784067750364_31,CAMEWIN RAQUETE BEACH 50% CARBON MORADO,Deportes y Ocio,https://www.arsenalsports.com/img/28772/produtos/400/56bc9cb0075b9f0eeeb8bc1b541893d6.jpg,24.99,La descripción de este producto se actualizará próximamente.,Las características se actualizarán próximamente.
1784067752562_32,CAMEWIN RAQUETE BEACH 50% CARBON ORANGE,Deportes y Ocio,https://www.arsenalsports.com/img/28773/produtos/400/658dbd722bf1024224ee3cd261321450.jpg,24.99,La descripción de este producto se actualizará próximamente.,Las características se actualizarán próximamente.
1784067754827_33,CAMEWIN RAQUETE BEACH 50% CARBON ORANGE & BLUE,Deportes y Ocio,https://www.arsenalsports.com/img/28774/produtos/400/df654a4dd5c28a0be237524f5e48d9c5.jpg,24.99,La descripción de este producto se actualizará próximamente.,Las características se actualizarán próximamente.
1784067756994_34,CAMEWIN RAQUETE BEACH 50% CARBON PINK,Deportes y Ocio,https://www.arsenalsports.com/img/28775/produtos/400/d6e1fa42bc3b1e6a35750777b5f30a8a.jpg,24.99,La descripción de este producto se actualizará próximamente.,Las características se actualizarán próximamente.
1784067759193_35,CAMEWIN RAQUETE BEACH 50% CARBON PINK & YELLOW,Deportes y Ocio,https://www.arsenalsports.com/img/28776/produtos/400/49978eeaaf391b7597784882bc277a70.jpg,24.99,La descripción de este producto se actualizará próximamente.,Las características se actualizarán próximamente.
1784067765220_0,ACTION ARMY SPRING SNIPER BOLT ACTION ACC-T10 AIRSOFT RIFLE FLAT DARK EARTH COMBO,Ofertas,https://www.arsenalsports.com/img/14690/produtos/400/39d85317c63f2c2a58673fe60bf2a92c.jpg,299,La descripción de este producto se actualizará próximamente.,Las características se actualizarán próximamente.
1784067767527_1,DAYSTATE 5.5MM WOLVERINE R HP WALNUT PCP RIFLE COMBO,Ofertas,https://www.arsenalsports.com/img/20549/produtos/400/3ebe3a0273b62353c8da6488c54e18d5.jpg,1899,La descripción de este producto se actualizará próximamente.,Las características se actualizarán próximamente.
1784067769420_2,EMPIRE MARCADOR BT4 CAL 0.68 COMBAT BLACK COMBO,Ofertas,https://www.arsenalsports.com/img/29498/produtos/400/8b4d89ee4e8d9ddbb9268b78ce499661.jpg,230,La descripción de este producto se actualizará próximamente.,Las características se actualizarán próximamente.
1784067771274_3,G&G AEG CM47 IWS ETU AIRSOFT RIFLE WOOD COMBO,Ofertas,https://www.arsenalsports.com/img/31151/produtos/400/63a81abd346830a970f618dc08a53bd3.jpg,220,La descripción de este producto se actualizará próximamente.,Las características se actualizarán próximamente.
1784067773145_4,ICS SPRING SNIPER CXP-TOMAHAWK AIRSOFT RIFLE BLACK COMBO,Ofertas,https://www.arsenalsports.com/img/23898/produtos/400/242d703bf47a910a39967485d6ea9318.jpg,629,La descripción de este producto se actualizará próximamente.,Las características se actualizarán próximamente.
1784067774926_5,ICS SPRING SNIPER CXP-TOMAHAWK AIRSOFT RIFLE OD GREEN COMBO,Ofertas,https://www.arsenalsports.com/img/25002/produtos/400/3b6a3c29166dcb12f1824256fe55b24a.jpg,629,La descripción de este producto se actualizará próximamente.,Las características se actualizarán próximamente.
1784067776670_6,"KWA AEG RM4 RONIN RECON WITH HANDGUARD 15"" M-LOK & ELECTRIC BLOWBACK AIRSOFT RIFLE BLACK COMBO",Ofertas,https://www.arsenalsports.com/img/16073/produtos/400/fc5b071a376508cadba7b230f3e63ee3.jpg,194,La descripción de este producto se actualizará próximamente.,Las características se actualizarán próximamente.
1784067778378_7,KWA AEG RM4 SR10 CARBINE WITH ELECTRIC BLOWBACK & ESHOOTER ETU AIRSOFT RIFLE BLACK COMBO,Ofertas,https://www.arsenalsports.com/img/35444/produtos/400/39b3f474e1cfba72844281e2250e86cc.jpg,375,La descripción de este producto se actualizará próximamente.,Las características se actualizarán próximamente.
1784067780121_8,REBOUND BOTAS DE COMPRESION PORTÁTIL 4 CAMARAS SUPERPOSICION SIZE LARGE COMBO A,Ofertas,https://www.arsenalsports.com/img/35475/produtos/400/2b04ee73901900de079fa051e7a7fd99.jpg,346,La descripción de este producto se actualizará próximamente.,Las características se actualizarán próximamente.
1784067781882_9,REBOUND BOTAS DE COMPRESION PORTÁTIL 4 CAMARAS SUPERPOSICION SIZE LARGE COMBO B,Ofertas,https://www.arsenalsports.com/img/35478/produtos/400/72990d92450fb38e05b0f6d00dd64231.jpg,370,La descripción de este producto se actualizará próximamente.,Las características se actualizarán próximamente.
1784067783696_10,SNOWPEAK 5.5MM AP1000TB STOCK SYNTHETIC PCP RIFLE BLACK COMBO,Ofertas,https://www.arsenalsports.com/img/34630/produtos/400/f28466826bbe604acd2efdb35ba66830.jpg,550,La descripción de este producto se actualizará próximamente.,Las características se actualizarán próximamente.
1784067785473_14,SYTONG FLASHLIGHT INFRARED TORCH 940NM WITH VECTOR RING MOUNT ONE PIECE TACTICAL COMBO,Ofertas,https://www.arsenalsports.com/img/32345/produtos/400/d9e0ea521e44ce139a2fc0222963f897.jpg,49,La descripción de este producto se actualizará próximamente.,Las características se actualizarán próximamente.
1784067787175_15,WOLVERINE HYDRA GEN. II LINE UP FOR ARES THOMPSON AIRSOFT RIFLE COMBO,Ofertas,https://www.arsenalsports.com/img/25604/produtos/400/e45db3aaed47850ec6a9c69201ec169c.jpg,388,La descripción de este producto se actualizará próximamente.,Las características se actualizarán próximamente.
1784067788865_16,AEGIS CONVERSION KIT CUSTOM FMG9 FOR G SERIES GBB WITH WE G18C AIRSOFT PISTOL TAN COMBO,Ofertas,https://www.arsenalsports.com/img/29830/produtos/400/cc7ce694e8486c5a4c3b25632664f82d.jpg,485,La descripción de este producto se actualizará próximamente.,Las características se actualizarán próximamente.
1784067790561_17,AMOEBA AEG M4 AM-003 CARBINE AIRSOFT RIFLE DESERT COMBO,Ofertas,https://www.arsenalsports.com/img/32629/produtos/400/800535a1a70b5cb6377a6eccb6b15d53.png,177,La descripción de este producto se actualizará próximamente.,Las características se actualizarán próximamente.
1784067792301_18,AMOEBA SPRING SNIPER STRIKER AS01 WITH WOLVERINE AIRSOFT BOLT M HPA ENGINE AIRSOFT RIFLE BLACK COMBO,Ofertas,https://www.arsenalsports.com/img/30413/produtos/400/3b9614c69ca3d5397ea82c5414fb394a.png,399,La descripción de este producto se actualizará próximamente.,Las características se actualizarán próximamente.
1784067793974_19,"ARCTURUS GBB HI-CAPA 5"" VANGUARD BLOWBACK AIRSOFT PISTOL BLACK COMBO",Ofertas,https://www.arsenalsports.com/img/34636/produtos/400/5fb7e8a2db2ef8e3925620087e5abaa9.jpg,260,La descripción de este producto se actualizará próximamente.,Las características se actualizarán próximamente.
1784067795742_20,"ARCTURUS GBB HI-CAPA 5"" VANGUARD BLOWBACK AIRSOFT PISTOL TAN COMBO",Ofertas,https://www.arsenalsports.com/img/34637/produtos/400/d4c8d0845c83489b5426b5f35ab29ca9.jpg,260,La descripción de este producto se actualizará próximamente.,Las características se actualizarán próximamente.
1784067797472_21,ARES AEG M1A1 THOMPSON WITH WOLVERINE HYDRA GEN. II LINE UP BLOWBACK AIRSOFT RIFLE BLACK & WOOD COMBO,Ofertas,https://www.arsenalsports.com/img/30414/produtos/400/69efa695564888096771d7ea4295be6f.png,799,La descripción de este producto se actualizará próximamente.,Las características se actualizarán próximamente.
1784067799190_22,"ARES CL PROJECT CO2 REVOLVER 4"" .357 MAGNUM MODEL COMBAT VERSION BLACK COMBO",Ofertas,https://www.arsenalsports.com/img/34625/produtos/400/4f7c95ee6c30ccc6093e3031fe753f7f.jpg,435,La descripción de este producto se actualizará próximamente.,Las características se actualizarán próximamente.
1784067801078_23,ARES HPA SPRING SNIPER EDM200 POWER AIRSOFT RIFLE BLACK COMBO,Ofertas,https://www.arsenalsports.com/img/32986/produtos/400/66290816b0c21589800bb51ff9f7f90f.jpg,818,La descripción de este producto se actualizará próximamente.,Las características se actualizarán próximamente.
1784067802878_24,"ARMORER WORKS GBB G SERIES VX9 ""COMPACT SERIES"" BLOWBACK AIRSOFT PISTOL TAN COMBO",Ofertas,https://www.arsenalsports.com/img/35481/produtos/400/f308cb83ab18c411e253654f11b30ed7.jpg,245,La descripción de este producto se actualizará próximamente.,Las características se actualizarán próximamente.
1784067804784_25,"ARMORER WORKS GBB HI-CAPA HX24 "".38 SUPERCOMP RACE"" BLOWBACK AIRSOFT PISTOL DUAL TONE COMBO",Ofertas,https://www.arsenalsports.com/img/13729/produtos/400/afb7100247b9cee063761cc3a3230102.jpg,235,La descripción de este producto se actualizará próximamente.,Las características se actualizarán próximamente.
1784067807626_26,BARRET EMG APS SPRING SNIPER FIELDCRAFT WITH FEATHERWEIGHT ZERO TRIGGER AIRSOFT RIFLE BLACK COMBO,Ofertas,https://www.arsenalsports.com/img/33943/produtos/400/a9c26ca3066bf15a33987a7b95cc1fa7.jpg,245,La descripción de este producto se actualizará próximamente.,Las características se actualizarán próximamente.
1784067809985_27,BARRET EMG APS SPRING SNIPER FIELDCRAFT WITH FEATHERWEIGHT ZERO TRIGGER AIRSOFT RIFLE BLACK MULTICAM COMBO,Ofertas,https://www.arsenalsports.com/img/33945/produtos/400/2de7bd35032354a07071600441f81ba1.jpg,253,La descripción de este producto se actualizará próximamente.,Las características se actualizarán próximamente.
1784067812168_28,BARRET EMG APS SPRING SNIPER FIELDCRAFT WITH FEATHERWEIGHT ZERO TRIGGER AIRSOFT RIFLE MULTICAM COMBO,Ofertas,https://www.arsenalsports.com/img/33944/produtos/400/0dec9108d8e41075fcf1a1dd97c3e9f1.jpg,253,La descripción de este producto se actualizará próximamente.,Las características se actualizarán próximamente.
1784067814519_29,BARRETT EMG APS SPRING SNIPER FIELDCRAFT WITH FEATHERWEIGHT ZERO TRIGGER AIRSOFT RIFLE SILVER / BLACK COMBO,Ofertas,https://www.arsenalsports.com/img/28134/produtos/400/2d80d54104858bc02d5e5140a3770a78.jpg,259,La descripción de este producto se actualizará próximamente.,Las características se actualizarán próximamente.
1784067816833_30,BARRETT EMG APS SPRING SNIPER FIELDCRAFT WITH FEATHERWEIGHT ZERO TRIGGER AIRSOFT RIFLE SILVER / WOOD COMBO,Ofertas,https://www.arsenalsports.com/img/30530/produtos/400/61662e669322e8663d69e31d25050e09.jpg,284,La descripción de este producto se actualizará próximamente.,Las características se actualizarán próximamente.
1784067818772_31,"BOLT AEG B4 SOPOMOD 120 WITH HANDGUARD ARES PICATINNY 7"" OCTAGONAL AIRSOFT RIFLE BLACK COMBO",Ofertas,https://www.arsenalsports.com/img/33651/produtos/400/56adbb83bb48b21053973b91a259e77c.jpg,235,La descripción de este producto se actualizará próximamente.,Las características se actualizarán próximamente.
1784067820466_32,"BOLT AEG B4 SOPOMOD 120 WITH HANDGUARD M-LOK 9"" AIRSOFT RIFLE BLACK COMBO",Ofertas,https://www.arsenalsports.com/img/28893/produtos/400/b5e1a4ad39a2d2892d1630074a2906e7.jpg,285,La descripción de este producto se actualizará próximamente.,Las características se actualizarán próximamente.
1784067822288_33,"BOLT AEG B4 SOPOMOD 120 WITH HANDGUARD M-LOK 9"" AIRSOFT RIFLE TAN COMBO",Ofertas,https://www.arsenalsports.com/img/28894/produtos/400/444f2a32655ee14b6af9b8dbb2bed2aa.jpg,310,La descripción de este producto se actualizará próximamente.,Las características se actualizarán próximamente.
1784067824160_34,CLASSIC ARMY AEG CA249P SUPPORT SAW WITH WOLVERINE AIRSOFT INFERNO GEN 2 AIRSOFT RIFLE BLACK COMBO,Ofertas,https://www.arsenalsports.com/img/30416/produtos/400/e99e25c0a1f56eb3f05d0d3234760d9e.jpg,710,La descripción de este producto se actualizará próximamente.,Las características se actualizarán próximamente.
1784067825910_35,CLASSIC ARMY GBBR B&T BT5 G55 SMG BLOWBACK AIRSOFT RIFLE BLACK COMBO A,Ofertas,https://www.arsenalsports.com/img/31474/produtos/400/1c139c5e494136440ba396abf0cdf517.png,215,La descripción de este producto se actualizará próximamente.,Las características se actualizarán próximamente.
